{   "parent": "block/block",
  "textures": {
    "particle": "#texture"
  },
  "elements": [
    {   "from": [ 5, 6, 6 ],
      "to": [ 11, 10, 10 ],
      "shade": false,
      "faces": {
        "down":  { "uv": [ 5, 6, 11, 10 ], "texture": "#texture" },
        "up":    { "uv": [ 5, 10, 11, 6 ], "texture": "#texture" },
        "north": { "uv": [ 5, 12, 11, 16 ], "texture": "#texture" },
        "south": { "uv": [ 5, 12, 11, 16 ], "texture": "#texture" },
        "west":  { "uv": [ 6, 12, 10, 16 ], "texture": "#texture" },
        "east":  { "uv": [ 6, 12, 10, 16 ], "texture": "#texture" }
      }
    }
  ]
}
